scientific_name,crop_id
Abelmoschus esculentus,289
Abelmoschus manihot,290
Adenanthera pavonina,318
Aleurites moluccana,354
Allium ampeloprasum,363
Allium cepa,364
Allium fistulosum,365
Amaranthus cruentus,390
Amaranthus sp.,391
Amorphophallus paeoniifolius,400
Anacardium occidentale,401
Ananas comosus,402
Annona muricata,411
Annona reticulata,412
Annona squamosa,414
Apium graveolens,431
Apium graveolens var. dulce,432
Araucaria cunninghamii,443
Areca catechu,449
Artocarpus heterophyllus,459
Arundo donax,465
Asparagus officinalis,468
Avena sativa,481
Averrhoa bilimbi,482
Averrhoa carambola,483
Bambusa vulgaris,493
Barringtonia racemosa,501
Basella alba,504
Basella rubra,505
Bauhinia variegata,508
Benincasa hispida,513
Beta vulgaris,514
Bidens pilosa,517
Brachychiton populneus,545
Brassica chinensis,547
Brassica juncea,548
Brassica napus,549
Allium cepa var. cepa,551
Brassica oleracea var. botrytis,553
Brassica oleracea var. capitata,554
Brassica oleracea var. gemmifera,555
Brassica oleracea var. italica,556
Broussonetia papyrifera,565
Cajanus cajan,576
Calophyllum inophyllum,588
Allium tuberosum,594
Camellia sinensis,599
Canarium indicum,606
Canavalia ensiformis,609
Canna indica,612
Capsicum annuum,618
Capsicum frutescens,621
Carica papaya,630
Casimiroa edulis,633
Cassia occidentalis,639
Ceiba pentandra,658
Celosia argentea,660
Centella asiatica,669
Chrysophyllum cainito,689
Cichorium endivia,693
Cichorium intybus,694
Citrullus lanatus,708
Citrus aurantium,711
Citrus grandis,712
Citrus limon,714
Citrus medica,716
Citrus paradisi,717
Citrus reticulata,718
Citrus sinensis,720
Citrus sp.,722
Clitoria ternatea,738
Coccoloba uvifera,743
Cocos nucifera,744
Coffea arabica,749
Coffea canephora,750
Coffea liberica,751
Colocasia esculenta,758
Cordia alliodora,777
Coriandrum sativum,784
Crotalaria pallida,803
Allium schoenoprasum,810
Cucumis melo,815
Cucumis sativus,817
Cucurbita maxima,819
Cucurbita moschata,820
Cucurbita pepo,821
Cyamopsis tetragonoloba,830
Cynara scolymus,847
Cyperus rotundus,856
Cyphomandra betacea,859
Dactyloctenium aegyptium,866
Daucus carota,871
Dendrocalamus giganteus,882
Actinidia chinensis,889
Dioscorea alata,936
Dioscorea bulbifera,938
Dioscorea esculenta,939
Dioscorea rotundata,942
Diospyros kaki,945
Durio zibethinus,963
Echinochloa crus-galli,970
Elaeis guineensis,972
Eleusine indica,985
Emilia sonchifolia,988
Eriobotrya japonica,1002
Erythrina fusca,1007
Syzygium cumini,1030
Syzygium malaccense,1033
Feijoa sellowiana,1068
Ficus carica,1071
Allium cepa var. aggregatum,1096
Foeniculum vulgare,1107
Fortunella japonica,1110
Fragaria x ananassa,1112
Garcinia mangostana,1122
Garcinia xanthochymus,1125
Glycine max,1150
Gmelina arborea,1152
Helianthus tuberosus,1193
Hevea brasiliensis,1212
Hibiscus cannabinus,1213
Hibiscus sabdariffa,1216
Hibiscus syriacus,1220
Hordeum vulgare,1232
Imperata cylindrica,1252
Inga edulis,1260
Ipomoea aquatica,1264
Ipomoea batatas,1265
Ischaemum rugosum,1283
Kigelia pinnata,1306
Lablab purpureus,1311
Lactuca sativa var. capitata,1313
Lagenaria siceraria,1315
Leucaena leucocephala,1344
Litchi chinensis,1357
Luffa acutangula,1373
Lycopersicon esculentum,1379
Macadamia integrifolia,1382
Macrotyloma uniflorum,1399
Malpighia glabra,1406
Malus domestica,1407
Malus sylvestris,1410
Mammea americana,1414
Mangifera indica,1416
Manihot esculenta,1420
Medicago sativa,1428
Melicoccus bijugatus,1436
Metroxylon sagu,1466
Monochoria vaginalis,1485
Morinda citrifolia,1488
Morus alba,1491
Muntingia calabura,1500
Musa sapientum,1503
Nasturtium officinale,1522
Nephelium lappaceum,1528
Nypa fruticans,1543
Ocimum basilicum,1547
Olea europaea,1553
Oryza sativa,1574
Pachyrhizus erosus,1582
Panicum antidotale,1602
Parkinsonia aculeata,1617
Paspalum scrobiculatum,1630
Passiflora edulis var. flavicarpa,1634
Passiflora laurifolia,1637
Passiflora mollissima,1638
Passiflora quadrangularis,1639
Pastinaca sativa,1642
Persea americana,1659
Phaseolus coccineus,1665
Phaseolus lunatus,1666
Phaseolus vulgaris,1668
Phoenix dactylifera,1673
Physalis peruviana,1686
Pimenta dioica,1689
Pisum sativum,1721
Portulaca oleracea,1784
Prosopis alba,1793
Prunus persica,1796
Psidium cattleianum,1803
Psidium guajava,1804
Psophocarpus tetragonolobus,1807
Pterocarpus indicus,1817
Pueraria lobata,1822
Pueraria phaseoloides,1824
Punica granatum,1829
Pyrus communis,1832
Raphanus sativus,1839
Rubus idaeus ssp. idaeus,1877
Rubus sp.,1881
Saccharum edule,1883
Saccharum officinarum,1884
Saccharum robustum,1885
Saccharum spontaneum,1887
Samanea saman,1894
Secale cereale,1929
Sechium edule,1930
Sesamum indicum,1937
Sesbania grandiflora,1938
Solanum americanum,1961
Solanum melongena,1965
Solanum nigrum,1966
Solanum quitoense,1968
Solanum torvum,1970
Solanum tuberosum,1971
Sonneratia caseolaris,1978
Sorghum bicolor var. sweet,1982
Spathodea campanulata,1991
Spinacia oleracea,1997
Spondias cytherea,2000
Spondias mombin,2002
Tamarindus indica,2047
Terminalia catappa,2062
Theobroma cacao,2074
Thespesia populnea,2075
Trema orientalis,2095
Mentha piperita,2099
Trichosanthes cucumerina,2100
Triticum aestivum,2114
Ullucus tuberosus,2120
Vicia faba,2146
Vigna angularis,2147
Vigna mungo,2149
Vigna radiata,2150
Vigna umbellata,2152
Vigna unguiculata,2153
Vitis vinifera,2160
Xanthosoma sagittifolium,2168
Zea mays,2175
Amaranthus caudatus,2187
Amaranthus dubius,2188
Amaranthus lividus,2189
Amaranthus tricolor,2190
Anethum graveolens,2192
Annona cherimola,2194
Annona diversifolia,2196
Annona purpurea,2197
Antidesma bunius,2198
Arachis hypogaea,2199
Blighia sapida,2214
Brassica oleracea var. gongyloides,2220
Canavalia gladiata,2227
Canna edulis,2228
Carya illinoensis,2231
Castanea sativa,2234
Citrus aurantifolia,2242
Corylus avellana,2246
Diospyros digyna,2263
Syzygium javanicum,2282
Fagopyrum esculentum,2285
Flacourtia indica,2296
Fortunella margarita,2300
Fragaria vesca,2301
Garcinia dulcis,2302
Bactris gasipaes,2307
Juglans regia,2315
Lansium domesticum,2318
Manilkara achras,2334
Maranta arundinacea,2335
Melissa officinalis,2340
Monochoria hastata,2347
Moringa oleifera,2348
Morus nigra,2349
Mucuna pruriens var utilis,2350
Nasturtium schlechteri,2357
Nelumbo nucifera,2359
Nephelium mutabile,2360
Ocimum americanum,2363
Oenanthe javanica,2364
Oxalis tuberosa,2371
Parinari nonda,2380
Passiflora ligularis,2381
Pistacia vera,2386
Polyscias verticillata,2390
Pouteria campechiana,2394
Prunus amygdalus,2397
Prunus armeniaca,2398
Sambucus nigra,2413
Sterculia foetida,2428
Talinum triangulare,2433
Tragopogon porrifolius,2442
Tropaeolum tuberosum,2447
Ximenia americana,2452
Rheum rhaponticum,2454
Annona cherimola x Annona squamosa,2465
Pangium edule,2467
Beta vulgaris var. cicla,2474
Luffa cylindrica,2475
Cicer arietinum,2479
Musa sp.,2483
Alocasia macrorrhizos,2486
Bruguiera gymnorrhiza,2499
Avicennia officinalis,2501
Musa balbisiana,2507
Coffea excelsa,2508
Chenopodium quinoa,2509
Carthamus tinctorius,2514
Phaseolus acutifolius,2516
Vigna aconitifolia,2524
Phaseolus polyanthus,2525
Solanum muricatum,2528
Acacia aneura,2579
Acacia anticeps,2580
Acacia brachystachya,2588
Acacia coriacea,2599
Acacia cowleana,2600
Acacia leucophloea,2646
Acacia macdonnelliensis,2651
Acacia murrayana,2664
Acacia senegal,2697
Acacia stenophylla,2705
Acacia victoriae,2718
Acanthosicyos naudinianus,2735
Acca sellowiana,2741
Acrocomia aculeata,2783
Acrocomia totai,2787
Actinidia arguta,2803
Adansonia digitata,2807
Adansonia grandidieri,2808
Adansonia gregorii,2809
Aegle marmelos,2844
Aesculus hippocastanum,2856
Aframomum corrorima,2863
Aframomum melegueta,2872
Afzelia quanzensis,2881
Agropyron repens,2925
Albizia chevalieri,2958
Alchemilla vulgaris,2972
Alliaria petiolata,2984
Allium cepa x A. fistulosum,2992
Allium chinense,2994
Alpinia galanga,3052
Alysicarpus rugosus,3069
Amaranthus hybridus,3086
Amaranthus hypochondriacus,3090
Aronia alnifolia,3116
Ammandra natalia,3127
Angelica archangelica,3218
Angelica sylvestris,3220
Annona atemoya,3236
Annona montana,3241
Annona scleroderma,3242
Annona senegalensis,3243
Apios americana,3286
Apium graveolens var. rapaceum,3289
Arachis glabrata,3308
Arachis pintoi,3310
Araucaria angustifolia,3318
Arbutus unedo,3325
Archidendron jiringa,3327
Arctium lappa,3330
Arenga pinnata,3348
Argania sideroxylon,3351
Armoracia rusticana,3384
Arracacia xanthorrhiza,3386
Artocarpus altilis,3423
Artocarpus chaplasha,3428
Artocarpus integer,3435
Astrocaryum vulgare,3522
Atriplex hortensis,3549
Attalea cohune,3560
Avena byzantina,3568
Avena fatau,3569
Avena nuda,3571
Avena sterilis,3572
Avicennia germinans,3575
Avicennia marina,3576
Azanza garckeana,3582
Baccaurea motleyana,3591
Baccaurea racemosa,3596
Baccaurea ramiflora,3597
Balanites aegyptiaca,3608
Bambusa arundinacea,3613
Bambusa blumeana,3618
Bassia latifolia,3655
Bauhinia esculenta,3659
Bauhinia rufescens,3669
Beckmannia eruciformis,3673
Bellis perennis,3682
Berberis vulgaris,3696
Berchemia discolor,3697
Bertholletia excelsa,3699
Beta vulgaris var. crassa,3712
Beta vulgaris var. flavescens,3713
Betula pendula,3721
Betula pubescens,3722
Borago officinalis,3761
Borassus flabellifer,3765
Borojoa patinoi,3771
Brachiaria ramosa,3814
Brassica carinata,3848
Brassica napus var. napobrassica,3861
Brassica oleracea var. acephala,3867
Brassica rapa Gaisin gr.,3877
Brassica rapa Pak Choi,3878
Brassica rapa var. rapifera,3881
Bridelia micrantha,3896
Buchanania latifolia,3957
Butomus umbellatus,3988
Buxus sempervirens,3993
Calathea allouia,4037
Caltha palustris,4081
Camellia sinensis var. assamica,4089
Camellia sinensis var. sinensis,4090
Campanula rapunculus,4094
Canarium ovatum,4111
Capparis decidua,4145
Capparis spinosa,4159
Capparis tomentosa,4161
Carica pubescens,4218
Carissa carandas,4223
Carissa edulis,4225
Carissa macrocarpa,4229
Carum carvi,4256
Caryocar nuciferum,4271
Caryodendron orinocense,4273
Caryota urens,4278
Cassia auriculata,4281
Cassia tomentosa,4305
Castanea crenata,4312
Castanea dentata,4313
Castanea mollissima,4314
Castanea pumila,4315
Casuarina glauca,4341
Centaurea cyanus,4398
Cephaelis ipecacuanha,4414
Ceratonia siliqua,4426
Ceriops tagal,4435
Chamaedorea sp.,4465
Chamaedorea tepejilote,4466
Chenopodium album ssp. album,4481
Chenopodium bonus-henricus,4485
Chenopodium pallidicaule,4494
Chlorogalum pomeridianum,4509
Chrysanthemum coronarium var. coronarium,4524
Chrysanthemum leucanthemum,4528
Chrysophyllum albidum,4538
Citrofortunella x microcarpa,4617
Citrullus colocynthis,4618
Citrus deliciosa,4626
Citrus latifolia,4631
Citrus madurensis,4635
Citrus unshiu,4646
Clausena lansium,4659
Cnidoscolus chayamansa,4704
Cola acuminata,4744
Cola nitida,4755
Coleus parviflorus,4768
Colocasia esculenta var. antiquorum,4772
Colophospermum mopane,4779
Commiphora africana,4804
Cordeauxia edulis,4854
Cordia africana,4855
Cornus canadensis,4873
Cornus mas,4880
Corylus colurna var. colurna,4893
Corylus maxima,4899
Coula edulis,4916
Crambe maritima,4926
Crataegus monogyna,4935
Crithmum maritimum,4959
Cryptotaenia japonica,4999
Cucumis anguria,5008
Cucumis ficifolius,5012
Cucurbita argyrosperma,5030
Cucurbita ficifolia,5032
Cucurbita foetidissima,5033
Cucurbita mixta,5035
Cullenia rosayroana,5042
Curcuma zedoaria,5066
Cydonia oblonga,5117
Cynara cardunculus,5138
Cynometra cauliflora,5148
Cyperus esculentus,5158
Cyperus longus,5163
Dacryodes edulis,5181
Dendrocalamus asper,5232
Dendrocalamus hamiltonii,5233
Dendrocalamus longispathus,5235
Dendrocalamus merrillianus,5236
Dendrocalamus strictus,5238
Dialium guineense,5275
Dichrostachys cinerea,5302
Dictamnus albus,5310
Digitaria exilis,5329
Dillenia pentagyna,5343
Dimocarpus longan var. longan,5349
Dimocarpus longan var. malesianus,5350
Dioscorea cayenensis,5369
Dioscorea dumetorum,5382
Dioscorea floribunda,5387
Dioscorea opposita,5408
Dioscorea trifida,5429
Diospyros malabarica,5464
Diospyros melanoxylon,5465
Diospyros mespiliformis,5466
Diospyros virginiana,5474
Dobera glabra,5521
Dovyalis caffra,5534
Dovyalis hebecarpa,5536
Echinochloa frumentacea,5597
Echium vulgare,5608
Eichhornia crassipes,5622
Elaeis oleifera,5632
Eleusine coracana ssp. coracana,5657
Elymus condensatus,5664
Ensete ventricosum,5700
Enterolobium cyclocarpum,5706
Epilobium angustifolium,5719
Equisetum arvense,5723
Eragrostis cilianensis,5728
Eragrostis tef,5746
Eruca sativa,5794
Erythrina edulis,5805
Eugenia dombeyi,5967
Eugenia stipitata,5995
Eugenia uniflora,6001
Eugenia uvalha,6002
Euterpe chaunostachys,6051
Euterpe edulis,6052
Euterpe oleracea,6054
Fagopyrum emarginatum,6075
Fagopyrum tataricum,6076
Fagus grandifolia,6078
Fagus sylvatica ssp. sylvatica,6080
Faidherbia albida,6082
Ficus abutilifolia,6114
Ficus glumosa,6149
Ficus sycomorus,6199
Ficus vogelii,6212
Fortunella hindsii,6252
Fragaria chiloensis,6256
Fragaria virginiana,6262
Galium aparine,6309
Galium verum,6313
Garcinia multiflora,6353
Garuga pinnata,6384
Genipa americana,6397
Genista tinctoria,6401
Glechoma hederacea,6435
Glyceria fluitans,6458
Gracilaria tenuistipitata,6500
Gracilaria verrucosa,6502
Grewia asiatica,6520
Grewia bicolor,6523
Grewia tiliifolia,6551
Guazuma ulmifolia,6562
Guizotia abyssinica,6567
Gunnera tinctoria,6569
Gynandropsis gynandra,6579
Heracleum sphondylium,6663
Hibiscus sabdariffa var. sabdariffa,6708
Hippophae rhamnoides,6732
Hippophae salicifolia,6733
Hordeum bulbosum,6754
Humulus lupulus,6779
Hymenaea courbaril,6809
Hyphaene thebaica,6837
Inga feuillei,6893
Inga vera,6896
Inula helenium,6901
Iris pseudacorus,6955
Irvingia gabonensis,6958
Jessenia bataua,7000
Juglans hindsii,7010
Juglans nigra,7013
Juglans sieboldiana,7014
Juniperus communis,7022
Kerstingiella geocarpa,7056
Lactuca indica,7081
Lamium album,7103
Lathyrus sativus,7164
Lemuropisum edule,7208
Lens culinaris,7209
Lepidium meyenii,7220
Lepidium sativum,7227
Levisticum officinale,7277
Linaria vulgaris,7330
Livistona australis,7364
Lotus edulis,7412
Lupinus albus,7431
Lupinus luteus,7434
Lupinus mutabilis,7435
Lycium chinense,7444
Malva moschata,7557
Manilkara zapota,7605
Marrubium vulgare,7618
Matricaria recutita,7637
Mauritia flexuosa,7639
Melocanna baccifera,7695
Mentha spicata var. crispa,7710
Menyanthes trifoliata,7721
Mespilus germanica,7735
Mesua ferrea,7736
Miliusa velutina,7769
Momordica charantia,7795
Momordica cochinchinensis,7797
Monstera deliciosa,7813
Morus rubra,7829
Mucuna pruriens,7832
Musa acuminata,7848
Musa acuminata x balbisiana,7849
Musa halabanensis,7852
Musa salaccensis,7856
Muscari comosum,7859
Myrciaria cauliflora,7874
Nepeta cataria,7944
Neptunia prostrata,7964
Nuphar advena,8001
Nuphar lutea,8002
Nymphaea alba,8005
Octomeles sumatrana,8039
Olea africana,8058
Oncosperma tigillarium,8076
Opuntia ficus-indica,8094
Orbignya cohume,8108
Oryza glaberrima,8138
Oryza sativa ssp. indica,8143
Oryza sativa ssp. javanica,8144
Pachystela msolo,8207
Pandanus julianettii,8245
Panicum miliaceum,8280
Panicum obtusum,8281
Panicum sumatrense,8286
Papaver rhoeas,8295
Papaver somniferum,8296
Parinari curatellifolia,8309
Parkia biglobosa,8323
Parkia speciosa,8328
Passiflora edulis var. edulis,8368
Passiflora incarnata,8370
Paullinia cupana,8386
Peltandra virginica,8409
Pennisetum glaucum,8418
Pentaclethra macrophylla,8432
Persoonia falcata,8466
Phalaris arundinacea,8488
Phoenix reclinata,8524
Phoenix sylvestris,8526
Phragmites australis,8532
Emblica officinalis,8537
Physalis alkekengi,8552
Physalis philadelphica,8556
Phytolacca acinosa,8565
Phytolacca americana,8566
Pinus gerardiana,8632
Pinus pinea,8647
Pithecellobium dulce,8700
Plectranthus esculentus,8753
Podocarpus elatus,8785
Polygonum bistorta,8821
Polymnia sonchifolia,8852
Portulaca quadrifida L.,8882
Pouteria lucuma,8912
Pouteria sapota,8917
Prosopis chilensis,8946
Prosopis juliflora,8951
Prosopis pallida,8953
Prosopis tamarugo,8958
Prunus avium,8965
Prunus capuli,8967
Prunus cerasus,8970
Prunus mume,8983
Prunus salicina,8992
Prunus spinosa,8995
Psidium friedrichsthalianum,9018
Pterocarpus dalbergioides,9042
Pterocarpus lucens,9044
Pulmonaria officinalis,9068
Pyrus pyrifolia,9086
Quercus agrifolia,9096
Quercus alba,9097
Quercus robur,9138
Raphanus caudatus,9168
Rhamnus prinoides,9213
Rheum palmatum,9228
Ribes hirtellum,9279
Ribes nigrum,9282
Ribes rubrum,9285
Ribes sativum,9287
Ribes uva-crispa,9290
Ricinodendron heudelotii,9291
Ricinodendron rautanenii,9292
Rosa canina,9312
Rubus fruticosus,9359
Rubus occidentalis,9373
Rubus occidentalis x idaeus,9374
Ruscus aculeatus,9419
Saccharum barberi,9432
Saccharum sinense,9434
Sagittaria sagittifolia,9441
Salacca wallichiana,9449
Salacca zalacca,9450
Salicornia bigelovii,9468
Salvadora persica,9506
Sambucus canadensis,9527
Sambucus cerulea,9528
Sambucus racemosa,9531
Sanguisorba officinalis,9536
Santalum acuminatum,9545
Santalum album,9546
Sauropus androgynus,9593
Schleichera oleosa,9621
Scirpus lacustris,9639
Sclerocarya caffra,9645
Sesbania bispinosa,9712
Sesbania sesban,9722
Setaria italica,9732
Shorea robusta,9747
Simarouba glauca,9785
Simmondsia chinensis,9786
Sinapis alba,9787
Solanum aethiopicum,9825
Solanum hyporhodium,9863
Solanum incanum,9864
Solanum oleraceum,9868
Solanum macrocarpon,9878
Solanum x juzepczukii,9916
Solenostemon rotundifolius,9922
Sorbus aucuparia,9941
Sorbus domestica,9942
Sphenostylis stenocarpa,10000
Spondias purpurea,10015
Stachys affinis,10030
Stellaria media,10046
Strychnos cocculoides,10126
Strychnos innocua,10130
Strychnos spinosa,10135
Syzygium cordatum,10207
Syzygium guineense,10223
Taraxacum officinale,10291
Telfairia occidentalis,10307
Telfairia pedata,10308
Teramnus labialis,10319
Tetragonia tetragonioides,10370
Theobroma bicolor,10391
Theobroma grandiflorum,10394
Toona ciliata,10458
Tragopogon pratensis,10478
Trigonella foenum-graecum,10554
Triticum compactum,10579
Triticum dicoccon,10581
Triticum durum,10582
Triticum spelta,10591
Tylosema esculentum,10626
Typha angustifolia,10628
Typha domingensis,10631
Typha latifolia,10633
Uapaca kirkiana,10644
Urtica dioica,10679
Urtica urens,10686
Utricularia vulgaris,10687
Vaccinium angustifolium,10700
Vaccinium corymbosum,10704
Vaccinium macrocarpon,10711
Vaccinium myrtillus,10714
Vaccinium vitis-idaea,10719
Vangueria infausta,10733
Vangueria madagascariensis,10734
Verbena officinalis,10758
Vernonia amygdalina,10763
Vicia monantha,10808
Vigna subterranea,10830
Vigna unguiculata ssp. dekindtiana,10833
Vigna unguiculata ssp. sesquipedalis,10834
Vigna unguiculata ssp. unguiculata,10835
Vigna vexillata,10836
Vitellaria paradoxa,10862
Vitex doniana,10874
Vitex keniensis,10880
Vitis labrusca,10895
Vitis rotundifolia,10900
Warburgia ugandensis,10914
Xanthosoma brasiliense,10941
Yucca elephantipes,10967
Zea mays ssp. saccharata,10981
Euchlaena mexicana,10982
Zizania latifolia,10994
Ziziphus mucronata,11001
Zostera marina,11015
Asimina triloba,11029
Raphanus sativus var. radicula,11291
Vigna unguiculata ssp. stenophylla,11426
Leucaena collinsii,11661
Leucaena collinsii sp. collinsii,11684
Leucaena pallida,11687
Leucaena trichandra,11689
Lythrum salicaria,11750
Prosopis glandulosa,11752
Ajuga reptans,12183
Aponogeton distachyos,12396
Arctostaphylos uva-ursi,12414
Asclepias incarnata,12484
Asclepias speciosa,12493
Caragana arborescens,12852
Celtis australis,13007
Crataegus oxyacantha,13402
Eryngium campestre,14023
Eugenia jambos,14060
Hylocereus undatus,14639
Parietaria officinalis,15772
Pontederia cordata,16098
Prunus domestica,16203
Samolus valerandi,16595
Sparganium erectum,17012
Succisa pratensis,17131
Tamus communis,17152
Trapa natans,17278
Vicia ervilia,17507
Ziziphus mauritiana,17633
Vigna unguiculata ssp. pubescens,17643
Persea americana ssp. mexican,17644
Persea americana ssp. guatemalan,17645
Persea americana ssp. west indian,17646
Ipomoea aquatica var. reptans,17650
Vigna unguiculata ssp. biflora,17651
Gelidiella acerosa,17656
Siphonochilus aethiopicus,17664
Chenopodium album,17797
Anchusa azurea,17836
Ludwigia adscendens,18201
Marsilea quadrifolia,18215
Potentilla reptans,18325
Podocarpus falcatus,30805
Acanthosicyos horridus,31703
Borassus aethiopum,32427
Ficus thonningii,38122
Girardinia diversifolia,38133
Burkea africana,42696
Securidaca longependunculata,45286
Sclerocarya birrea ssp. caffra,45894
Warburgia salutaris,46753
Terminalia prunioides,47139
Beta vulgaris var. saccharifera,48742
Sorghum bicolor,48747
Fagus sylvatica,49181
Lonicera caprifolium,49211
Carlina acaulis,49984
Centaurea centaurium,49985
Cetraria islandica,49987
Euphrasia officinalis,50045
Petasites albus,75000
Orbignya phalerata,75061
Lupinus atlanticus,76733
Raphanus sativus var. oleiferus,83541
Couma utilis,127526
Hyphaene compressa,148253
Pachyrhizus ahipa,148964
Pachyrhizus tuberosus,148966
Mirabilis expansa,148967
Uvaria scheffleri,148974
Acokanthera schimperi,149006
Aiphanes aculeata,197703
Amelanchier pallida,198033
Canavalia brasiliensis,202719
Citrus aurantium ssp. bergamia,205644
Malva alcea,220867
Peltandra sagittifolia,225371
Terminalia bellirica,236039
Vicia sativa ssp. nigra,238002
Zea mays ssp. mays,238663
Ziziphus abyssinica,243766
Stereospermum kunthianum,355153
Donaldsonia stenopetala,363339
Ambelania acida,367215
Desmanthus bicornutus,372231
Trichanthera gigantea,372262
Camelina sativa,400004
Allium sativum,367
Bixa orellana,520
Brassica nigra,550
Cinnamomum verum,702
Coleus amboinicus,754
Curcuma longa,828
Cymbopogon citratus,841
Elettaria cardamomum,984
Laurus nobilis,1333
Mentha arvensis var. piperascens,1448
Myristica fragrans,1514
Petroselinum crispum,1661
Piper nigrum,1714
Pogostemon cablin,1763
Trifolium pratense,2104
Tropaeolum majus,2119
Vanilla planifolia,2131
Zingiber officinale,2177
Origanum vulgare,2369
Rungia klossii,2411
Thymus vulgaris,2441
Eugenia aromatica,2462
Achillea millefolium,2762
Acorus calamus,2779
Allium ursinum,3010
Aloe ferox,3036
Aloysia triphylla,3048
Alpinia officinarum,3054
Artemisia abrotanum,3389
Artemisia absinthium,3390
Artemisia dracunculus,3402
Artemisia vulgaris,3415
Azolla pinnata,3585
Prunella vulgaris,3944
Butyrospermum paradoxum ssp. parkii,3989
Caesalpinia sappan,4006
Calendula officinalis,4040
Calluna vulgaris,4061
Capsicum baccatum var. pendulum,4177
Capsicum chinense,4178
Capsicum pubescens,4183
Chrysanthemum parthenium,4531
Cinnamomum burmannii,4567
Cinnamomum cassia,4568
Cinnamomum loureirii,4570
Cnicus benedictus,4700
Crocus sativus,4962
Cuminum cyminum,5043
Ferula assa-foetida,6095
Gentiana lutea,6404
Glycyrrhiza glabra,6467
Glycyrrhiza lepidota,6468
Hyssopus officinalis,6852
Ilex aquifolium,6860
Lavandula angustifolia,7172
Lesquerella fendleri,7258
Lippia citriodora,7338
Majorana hortensis,7542
Mentha pulegium,7707
Michelia champaca,7745
Murraya koenigii,7846
Myroxylon balsamum,7895
Myroxylon balsamum var. perei.,7896
Myrtus communis,7900
Nigella sativa,7987
Ocimum tenuiflorum,8037
Origanum onites,8120
Oxalis acetosella,8174
Pelargonium graveolens,8403
Perilla frutescens,8452
Pimenta racemosa,8594
Pimpinella anisum,8595
Pimpinella saxifraga,8596
Pinus mugo,8642
Piper longum,8674
Pistacia lentiscus,8690
Polypodium vulgare,8853
Prosopis africana,8944
Rauvolfia serpentina,9185
Robinia pseudoacacia,9297
Rosmarinus officinalis,9326
Rumex acetosa,9398
Ruta graveolens var. bracteosa,9421
Salvia sclarea,9516
Sanguisorba minor,9535
Satureja hortensis,9582
Satureja montana,9584
Solanum ferox,9856
Sterculia urens,10081
Stevia rebaudiana,10084
Tanacetum vulgare,10284
Tetrapleura tetraptera,10373
Teucrium chameadrys,10379
Thaumatococcus daniellii,10386
Thymus serpyllum,10432
Trachyspermum ammi,10473
Althaea rosea,11281
Angelica atropurpurea,12347
Dipsacus fullonum,13746
Ruta graveolens,18352
Artemisia glacialis,49189
Pinguicula vulgaris,49212
Gentiana acaulis,50047
Peucedanum ostruthium,50472
Zanthoxylum chalybeum,248815
Abelmoschus moschatus,291
Acacia farnesiana,297
Albizia lebbeck,349
Alstonia scholaris,379
Cassia alata,634
Casuarina equisetifolia,646
Catharanthus roseus,652
Cedrela odorata,656
Cinchona pubescens,697
Cinnamomum camphora,699
Crotalaria juncea,801
Cynodon dactylon,848
Datura stramonium,870
Delonix regia,880
Dodonaea viscosa,952
Erythrina variegata,1012
Eucalyptus camaldulensis,1017
Eucalyptus robusta,1023
Flemingia macrophylla,1104
Gliricidia sepium,1146
Helianthus annuus,1191
Heritiera littoralis,1205
Intsia bijuga,1263
Jatropha curcas,1297
Lawsonia inermis,1334
Melaleuca leucadendron,1430
Melaleuca quinquenervia,1431
Melaleuca symphyocarpa,1433
Nauclea diderrichii,1524
Nerium oleander,1531
Piper betle,1710
Piper methysticum,1713
Plantago lanceolata,1732
Plantago major,1733
Pongamia pinnata,1781
Rhizophora mangle,1848
Rhizophora mucronata,1849
Swietenia mahogani,2023
Tecoma stans,2052
Tectona grandis,2054
Tephrosia vogelii,2059
Thuja occidentalis,2078
Bersama lucens,2087
Origanum majorana,2368
Salvia officinalis,2412
Indigofera hirsuta,2526
Abies alba,2550
Acacia ataxacantha,2582
Acacia catechu,2593
Acacia karroo,2639
Acacia nilotica,2667
Acanthus mollis,2737
Acer campestre,2744
Achillea fragrantissima,2761
Achillea millefolium ssp. millefolium,2763
Aconitum napellus,2777
Adiantum capillus-veneris,2823
Adonis vernalis,2829
Afzelia africana,2877
Agrimonia eupatoria,2914
Ailanthus altissima,2943
Ailanthus excelsa,2944
Alnus glutinosa,3021
Aloe arborescens,3031
Aloe barbadensis,3032
Aloe perryi,3039
Althaea officinalis,3066
Anagallis arvensis,3187
Anemone nemorosa,3217
Anthemis nobilis,3254
Anthocephalus macrophyllus,3259
Anthocleista nobilis,3260
Anthriscus cerefolium,3265
Anthyllis vulneraria,3270
Aquilaria malaccensis,3302
Aquilegia vulgaris,3304
Arnica montana,3385
Artemisia afra,3391
Artemisia annua,3392
Asclepias tuberosa,3466
Asphodelus albus,3487
Astragalus gummifer,3504
Atropa belladonna,3558
Azadirachta indica,3581
Baphia nitida,3635
Bauhinia tomentosa,3670
Blumea balsamifera,3742
Boesenbergia rotunda,3750
Boswellia serrata,3783
Brachystegia spiciformis,3837
Butea monosperma,3986
Caesalpinia coriaria,4004
Calamus caesius,4023
Calamus peregrinus,4033
Calophyllum brasiliense,4074
Calophyllum peekelii,4076
Calotropis procera,4079
Cannabis sativa ssp. indica,4127
Capsella bursa-pastoris,4164
Carapa guianensis,4198
Carpinus betulus,4238
Cassia angustifolia,4280
Catalpa bignonioides,4349
Centaurea jacea,4400
Ceriops decandra,4434
Cheiranthus cheiri,4479
Chelidonium majus,4480
Chlorophora excelsa,4510
Chukrasia velutina,4548
Cinchona calisaya,4563
Cinchona officinalis,4565
Clematis vitalba,4676
Cochlospermum religiosum,4730
Colchicum autumnale,4759
Combretum aculeatum,4780
Combretum micranthum,4782
Conium maculatum,4815
Conocarpus erectus,4816
Convallaria majalis,4824
Convolvulus arvensis,4825
Cupressus sempervirens,5050
Cuscuta epithymum,5071
Cynoglossum officinale,5147
Daphne mezereum,5199
Derris indica,5250
Digitalis lanata,5320
Digitalis lutea,5321
Digitalis purpurea,5322
Dioscorea composita,5374
Dipterocarpus alatus,5498
Dipterocarpus costatus,5499
Dipterocarpus gracilis,5500
Dipterocarpus macrocarpus,5502
Dodonaea viscosa ssp. angustifolia,5523
Drosera rotundifolia,5554
Duboisia myoporoides,5571
Ecballium elaterium,5591
Entada abyssinica,5701
Eragrostis lehmanniana,5738
Erythrina abyssinica,5803
Eucalyptus citriodora,5842
Eucalyptus globulus ssp. globulus,5861
Eugenia suborbiculare,5996
Euphorbia lathyrus,6029
Fagraea fragrans,6077
Fibraurea tinctoria,6113
Frangula alnus,6266
Fraxinus excelsior,6271
Galega officinalis,6304
Geranium robertianum,6416
Gossypium herbaceum,6493
Guaiacum officinale,6558
Guaiacum sanctum,6559
Hagenia abyssinica,6597
Hamamelis virginiana,6615
Harungana madagascariensis,6623
Hedera helix,6625
Hieracium pilosella,6718
Hydnocarpus kurzii,6784
Hyoscyamus niger,6820
Hypericum perforatum,6831
Ilex paraguariensis,6869
Indigofera arrecta,6882
Iris germanica,6952
Jacaranda mimosifolia,6983
Juniperus procera,7032
Juniperus sabina,7033
Justicia adhatoda,7037
Khaya senegalensis,7058
Lactuca virosa,7089
Laguncularia racemosa,7098
Larix decidua,7149
Lavandula dentata,7174
Lavandula intermedia,7175
Lavandula latifolia,7177
Ligustrum vulgare,7302
Lilium candidum,7304
Linum usitatissimum,7336
Liquidambar styraciflua,7343
Lobelia inflata,7383
Lotus corniculatus,7410
Maesopsis eminii,7533
Mallotus philippensis,7548
Malva sylvestris,7563
Melaleuca cajuputi,7670
Melia azedarach,7681
Melia azedarach var. australasica,7682
Melilotus officinalis,7691
Mentha longifolia,7704
Mimosa pigra,7770
Myrsine africana,7898
Oenothera biennis,8047
Olea capensis,8059
Osmunda regalis,8156
Panax ginseng,8227
Panax quinquefolium,8230
Papaver bracteatum,8292
Paulownia tomentosa,8390
Peltophorum pterocarpum,8410
Petalostigma pubescens,8473
Picea abies,8571
Piliostigma reticulatum,8588
Pinus sylvestris,8658
Pittosporum resiniferum,8709
Plantago media,8737
Plantago ovata,8738
Plantago psyllium,8739
Platanus orientalis,8744
Polygonatum officinale,8815
Polygonum aviculare,8819
Populus euphratica,8866
Potentilla anserina,8894
Primula veris,8933
Prosopis cineraria,8947
Prunus laurocerasus,8980
Pterocarpus angolensis,9041
Pterocarpus erinaceus,9043
Pterocarpus santalinus,9049
Quisqualis indica,9149
Rubia tinctorum,9344
Sanicula europaea,9537
Santolina chamaecyparissus,9551
Saponaria officinalis,9559
Senecio vulgaris,9691
Serenoa repens,9702
Silybum marianum,9784
Sisymbrium officinale,9797
Smilax aspera,9804
Solanum dulcamara,9848
Soymida febrifuga,9979
Spartium junceum,9984
Stachys officinalis ssp. officinalis,10032
Stylosanthes erecta,10144
Tamarix gallica,10278
Taxus baccata,10299
Terminalia arjuna,10321
Terminalia chebula,10327
Tilia cordata,10446
Tilia platyphyllos,10449
Trifolium arvense,10525
Tussilago farfara,10624
Ulmus procera,10655
Uncaria gambir,10663
Vateria indica,10741
Ventilago viminalis,10746
Veratrum album,10747
Verbascum phlomoides,10753
Vinca minor,10841
Viola odorata,10850
Viola tricolor,10853
Viscum album,10860
Vitex agnus-castus,10870
Vitex negundo,10884
Vitex parviflora,10885
Withania somnifera,10920
Xylocarpus granatum,10954
Xylocarpus mekongensis,10955
Xylocarpus moluccensis,10956
Harpagophytum procumbens,11059
Lippia alba,11324
Prunus africana,11641
Acacia abyssinica,11776
Acacia dudgeoni,11848
Albizia amara,12184
Alisma plantago-aquatica,12200
Andrographis paniculata,12320
Antirrhinum majus,12381
Apocynum cannabinum,12393
Aristolochia rotunda,12445
Asperula odorata,12500
Cymbalaria muralis,13538
Dryopteris filix-mas,13775
Erythroxylum coca,14047
Eucalyptus globulus,14054
Eupatorium cannabinum,14068
Myosotis alpestris,15430
Ononis spinosa,15579
Parnassia palustris,15774
Peltophorum africanum,15820
Petasites hybridus,15851
Populus deltoides,16100
Potentilla tormentilla,16152
Salix alba,16538
Sedum acre,16717
Solidago virgaurea,16985
Taxodium distichum,17162
Valeriana officinalis,17405
Verbascum thapsus,17435
Eusideroxylon zwageri,17657
Hypoxis hemerocallidea,17660
Bryonia cretica,17895
Erigeron canadensis,18072
Phytolacca dioica,28399
Lycopodium clavatum,30919
Rhigozum trichotomum,33121
Faurea saligna,38279
Baikiaea plurijuga,42707
Bolusanthus speciosus,42760
Dalbergia melanoxylon,44088
Ekebergia capensis,45195
Sapium ellipticum,45598
Combretum molle,47120
Grindelia robusta,49188
Leontopodium alpinum,49210
Trollius europaeus,49976
Soldanella alpina,49977
Sempervivum arachnoideum,49978
Scolopendrium officinale,49979
Sambucus ebulus,49980
Rhododendron ferrugineum,49981
Umbilicus rupestris,49982
Ceterach officinarum,49986
Cimicifuga racemosa,49988
Cornus sanguinea,50038
Cytisus alpinus,50039
Anemone hepatica,50040
Antennaria dioica,50041
Asarum europaeum,50042
Asplenium ruta-muraria,50043
Astrantia major,50044
Globularia vulgaris,50048
Paeonia officinalis,50471
Chamaecrista nictitans,74962
Orthosiphon aristatis,74983
Orobanche flava,75002
Alnus maritima,77301
Euonymus japonicus,77795
Pausinystalia yohimbe,83552
Didymopanax morototoni,127113
Echinacea purpurea,148275
Alphitonia excelsa,197937
Aquilegia canadensis,198891
Asclepias lanceolata,199708
Aster cordifolius var. cordifolius,199890
Khaya anthotheca,218100
Rhodiola rosea,230348
Eurycoma longifolia,238780
Markhamia lutea,248814
Eucalyptus piperita,248817
Populus ciliata,305323
Ocotea usambarensis,305324
Polyscias fulva,305325
Pycnanthus angolensis,355150
Schima wallichii,355151
Terminalia brownii,355154
Terminalia mantaly,355155
Trifolium burchellianum,372263
